{"cameraMode":{"drawMode":0,"name":"Shaded","section":"Shading Mode"},"sceneLighting":true,"audioPlay":false,"sceneViewState":{"m_AlwaysRefresh":false,"showFog":true,"showSkybox":true,"showFlares":true,"showImageEffects":true,"showParticleSystems":true,"showVisualEffectGraphs":true,"m_FxEnabled":true},"in2DMode":false,"pivot":{"x":-0.7098491191864014,"y":3.3808209896087648,"z":-0.026459209620952607},"rotation":{"x":-0.022358465939760209,"y":0.9335997700691223,"z":-0.05918500944972038,"w":-0.3526882529258728},"size":5.174696922302246,"orthographic":false}